date,y_true,y_pred,error,abs_error,squared_error
2023-09-26,0.203867698276582,0.2015146363764172,0.0023530619001647934,0.0023530619001647934,5.5369003060071485e-06
2023-09-27,0.2046178239670771,0.2029034052385114,0.001714418728565703,0.001714418728565703,2.939231576856842e-06
2023-09-28,0.2017643629534554,0.2055265291626247,-0.0037621662091693042,0.0037621662091693042,1.4153894585415333e-05
2023-09-29,0.2018044456374063,0.1990967039048506,0.0027077417325556963,0.0027077417325556963,7.3318652902237236e-06
2023-10-02,0.2024528525568895,0.2006767280672008,0.0017761244896886963,0.0017761244896886963,3.154618202871932e-06
2023-10-03,0.2051931267168673,0.2033498015943564,0.001843325122510897,0.001843325122510897,3.397847507279814e-06
2023-10-04,0.2086797306708456,0.2093916173602617,-0.0007118866894161024,0.0007118866894161024,5.067826585678183e-07
2023-10-05,0.2077549548849149,0.2043023170361733,0.003452637848741613,0.003452637848741613,1.1920708114563115e-05
2023-10-06,0.2118753033879777,0.2114047770286136,0.00047052635936409293,0.00047052635936409293,2.213950548564275e-07
2023-10-09,0.2116306496186092,0.2074427239748121,0.004187925643797108,0.004187925643797108,1.7538721197973422e-05
2023-10-10,0.1972155685447194,0.2070274866634357,-0.009811918118716317,0.009811918118716317,9.627373716839355e-05
2023-10-11,0.1955097411639556,0.1966189066752614,-0.0011091655113057985,0.0011091655113057985,1.2302481314702535e-06
2023-10-12,0.1991113501966195,0.1948392308182382,0.004272119378381289,0.004272119378381289,1.8251003983140934e-05
2023-10-13,0.2003006422191388,0.199882348628234,0.0004182935909047836,0.0004182935909047836,1.7496952819201844e-07
2023-10-16,0.2037377132745612,0.202277935824178,0.0014597774503831984,0.0014597774503831984,2.1309502046472715e-06
2023-10-17,0.2032017334934688,0.2009899277147429,0.0022118057787259005,0.0022118057787259005,4.892084802805287e-06
2023-10-18,0.205366525358958,0.2058268056115472,-0.0004602802525892069,0.0004602802525892069,2.1185791092358411e-07
2023-10-19,0.205780152127593,0.2027300266947077,0.0030501254328853256,0.0030501254328853256,9.303265156333895e-06
2023-10-20,0.2068901336293559,0.2044947340174251,0.002395399611930804,0.002395399611930804,5.737939300838247e-06
2023-10-23,0.1995708345570386,0.2048480753038937,-0.005277240746855094,0.005277240746855094,2.784926990026771e-05
2023-10-24,0.2063090331936738,0.202923354798309,0.0033856783953647995,0.0033856783953647995,1.1462818196839965e-05
2023-10-25,0.2109764289346045,0.2096844829007792,0.001291946033825292,0.001291946033825292,1.6691245543169023e-06
2023-10-26,0.2126108042248768,0.2101920544229672,0.002418749801909592,0.002418749801909592,5.850350604237691e-06
2023-10-27,0.2135459212494748,0.2118635954657861,0.0016823257836887096,0.0016823257836887096,2.8302200424638307e-06
2023-10-30,0.2170360357042705,0.2155006431381899,0.0015353925660805956,0.0015353925660805956,2.3574303319755563e-06
2023-10-31,0.2153937229304707,0.2124407164406179,0.0029530064898528052,0.0029530064898528052,8.720247329112787e-06
2023-11-01,0.2098527980161139,0.216674466179054,-0.006821668162940109,0.006821668162940109,4.653515652527068e-05
2023-11-02,0.1958755066755689,0.2126430110600474,-0.016767504384478493,0.016767504384478493,0.0002811492032835055
2023-11-03,0.1930181652186582,0.1997392032678056,-0.006721038049147393,0.006721038049147393,4.5172352458086995e-05
2023-11-06,0.1966485296746395,0.1933997640268779,0.003248765647761609,0.003248765647761609,1.0554478234075907e-05
2023-11-07,0.1950464032919523,0.1963854436321626,-0.0013390403402102902,0.0013390403402102902,1.7930290327104896e-06
2023-11-08,0.1973964544687061,0.194771198786272,0.0026252556824341022,0.0026252556824341022,6.891967398152544e-06
2023-11-09,0.2009662184353676,0.2000994168285842,0.0008668016067834017,0.0008668016067834017,7.513450255222869e-07
2023-11-10,0.2055971250660848,0.2081673034024889,-0.0025701783364041053,0.0025701783364041053,6.6058166809209746e-06
2023-11-13,0.206540321602106,0.2051224222826567,0.0014178993194493006,0.0014178993194493006,2.01043848009479e-06
2023-11-14,0.2132615345063513,0.2137532578592004,-0.0004917233528491105,0.0004917233528491105,2.417918557371708e-07
2023-11-15,0.2132835930464109,0.2109308969350718,0.002352696111339092,0.002352696111339092,5.535178992310085e-06
2023-11-16,0.2084740180027195,0.2093621492516829,-0.0008881312489633919,0.0008881312489633919,7.887771153852744e-07
2023-11-17,0.2049059087950311,0.204325723501356,0.0005801852936750951,0.0005801852936750951,3.3661497499685633e-07
2023-11-20,0.2038340055080501,0.2024332192101426,0.0014007862979074914,0.0014007862979074914,1.9622022524053753e-06
2023-11-21,0.1952917685406849,0.2017355768467529,-0.006443808306068,0.006443808306068,4.152266548535094e-05
2023-11-22,0.1955457546147072,0.1954773936407751,6.836097393209117e-05,6.836097393209117e-05,4.673222756944049e-09
2023-11-24,0.1958826997185414,0.1941868764611757,0.0016958232573656973,0.0016958232573656973,2.875816520222404e-06
2023-11-27,0.1960985432632629,0.1939060887853214,0.0021924544779415023,0.0021924544779415023,4.806856637845745e-06
2023-11-28,0.1908380859260408,0.1942112765856737,-0.003373190659632902,0.003373190659632902,1.1378415226234652e-05
2023-11-29,0.1880540982595491,0.1915758230323537,-0.003521724772804602,0.003521724772804602,1.2402545375385626e-05
2023-11-30,0.1864318986456041,0.190247233801447,-0.003815335155842897,0.003815335155842897,1.4556782351410744e-05
2023-12-01,0.1892485355775603,0.1898174904843458,-0.0005689549067854904,0.0005689549067854904,3.237096859552861e-07
2023-12-04,0.1935083389935702,0.1929739536765894,0.000534385316980801,0.000534385316980801,2.855676670046712e-07
2023-12-05,0.1936088746454135,0.1941299843738071,-0.000521109728393615,0.000521109728393615,2.7155534902646723e-07
2023-12-06,0.194646977972998,0.195221604080455,-0.0005746261074570103,0.0005746261074570103,3.301951633711955e-07
2023-12-07,0.2011408671909174,0.2008842187637943,0.0002566484271230851,0.0002566484271230851,6.586841514475352e-08
2023-12-08,0.2009155854905633,0.2004071269639703,0.0005084585265929809,0.0005084585265929809,2.5853007326510503e-07
2023-12-11,0.1969904395913473,0.1992523946161008,-0.0022619550247535147,0.0022619550247535147,5.116440534007674e-06
2023-12-12,0.1973394021309949,0.1960378619788289,0.0013015401521660197,0.0013015401521660197,1.6940067677003458e-06
2023-12-13,0.193597815227953,0.197853209481734,-0.004255394253780992,0.004255394253780992,1.8108380255112286e-05
2023-12-14,0.1926633507277435,0.1922516332963852,0.0004117174313582883,0.0004117174313582883,1.6951124328426685e-07
2023-12-15,0.1928322017974015,0.1912481303759791,0.0015840714214223894,0.0015840714214223894,2.509282268167149e-06
2023-12-18,0.1919119341912609,0.1916654654125767,0.00024646877868420014,0.00024646877868420014,6.074685886608123e-08
2023-12-19,0.1918953355518809,0.191466559364356,0.0004287761875249041,0.0004287761875249041,1.8384901898839171e-07
2023-12-20,0.201225903043732,0.2007724320908199,0.00045347095291209394,0.00045347095291209394,2.0563590513500252e-07
2023-12-21,0.2044652618891889,0.2026562579416539,0.0018090039475349984,0.0018090039475349984,3.272495282197207e-06
2023-12-22,0.204454211850929,0.2021571424388012,0.002297069412127789,0.002297069412127789,5.276527884133106e-06
2023-12-26,0.2043339892569065,0.2013269264140095,0.0030070628428969792,0.0030070628428969792,9.042426941131663e-06
2023-12-27,0.2037416980949547,0.1996902719779775,0.0040514261169772026,0.0040514261169772026,1.6414053581324974e-05
2023-12-28,0.1929920421349995,0.1986656532611664,-0.005673611126166905,0.005673611126166905,3.21898632109649e-05
2023-12-29,0.1907449477837443,0.1934195407414063,-0.0026745929576620087,0.0026745929576620087,7.153447489175211e-06
2024-01-02,0.2001275303126109,0.1984400540078756,0.0016874763047353136,0.0016874763047353136,2.8475762790431492e-06
2024-01-03,0.1983266313343295,0.2006008798113728,-0.0022742484770433002,0.0022742484770433002,5.172206135333771e-06
2024-01-04,0.195431242613999,0.1988956835168246,-0.003464440902825605,0.003464440902825605,1.2002350769171094e-05
2024-01-05,0.1962498096715746,0.1978123268859556,-0.0015625172143809984,0.0015625172143809984,2.441460045236955e-06
2024-01-08,0.2140722417937763,0.2097620663087288,0.004310175485047502,0.004310175485047502,1.8577612711904466e-05
2024-01-09,0.2092439177279713,0.2119514839354862,-0.0027075662075149165,0.0027075662075149165,7.330914768076708e-06
2024-01-10,0.2045164977826069,0.2091805397893598,-0.004664042006752911,0.004664042006752911,2.175328784075572e-05
2024-01-11,0.2019305436306976,0.2018354184377477,9.512519294990751e-05,9.512519294990751e-05,9.048802333757134e-09
2024-01-12,0.2021807137099383,0.1983654633688671,0.0038152503410711913,0.0038152503410711913,1.4556135165043841e-05
2024-01-16,0.1898516392160182,0.1980068186803812,-0.008155179464363005,0.008155179464363005,6.650695209596807e-05
2024-01-17,0.1925780616365112,0.1923046271199835,0.00027343451652769857,0.00027343451652769857,7.476643482873626e-08
2024-01-18,0.19771204447253,0.1973699542071924,0.00034209026533760234,0.00034209026533760234,1.1702574963875117e-07
2024-01-19,0.2035577692902976,0.2019951087081352,0.0015626605821623951,0.0015626605821623951,2.4419080950441157e-06
2024-01-22,0.2030416626955117,0.202123004828181,0.0009186578673306967,0.0009186578673306967,8.439322772085838e-07
2024-01-23,0.2014446943372315,0.2007602766467683,0.0006844176904632071,0.0006844176904632071,4.684275750189904e-07
2024-01-24,0.1958573678374524,0.1984213210643918,-0.0025639532269394194,0.0025639532269394194,6.573856149933062e-06
2024-01-25,0.1953604631461832,0.1940875689486641,0.001272894197519081,0.001272894197519081,1.6202596380777454e-06
2024-01-26,0.1889142430456605,0.1941533506424155,-0.005239107596754999,0.005239107596754999,2.7448248410375944e-05
2024-01-29,0.1934318784099278,0.1919994324862137,0.0014324459237140819,0.0014324459237140819,2.0519013243650893e-06
2024-01-30,0.1974067729293147,0.1954055570030567,0.0020012159262579876,0.0020012159262579876,4.004865183508615e-06
2024-01-31,0.2084902882360879,0.2091478599744989,-0.0006575717384109947,0.0006575717384109947,4.3240059115685764e-07
2024-02-01,0.2130892921857129,0.2125168969881264,0.000572395197586506,0.000572395197586506,3.276362622200953e-07
2024-02-02,0.2178383874637958,0.2169248318816227,0.0009135555821730978,0.0009135555821730978,8.345838017196278e-07
2024-02-05,0.2163211302521286,0.2135424522851175,0.0027786779670110895,0.0027786779670110895,7.721051244352882e-06
2024-02-06,0.215216468097024,0.2101535300262111,0.0050629380708129,0.0050629380708129,2.563334190888665e-05
2024-02-07,0.1996000547867428,0.2085463236004708,-0.008946268813727981,0.008946268813727981,8.003572568748186e-05
2024-02-08,0.1988654203200073,0.1964238937992449,0.002441526520762405,0.002441526520762405,5.9610517515861735e-06
2024-02-09,0.1951665856894006,0.1973835505644421,-0.0022169648750414994,0.0022169648750414994,4.914933257167771e-06
2024-02-12,0.1957674481008671,0.1936053660204363,0.0021620820804308105,0.0021620820804308105,4.674598922520022e-06
2024-02-13,0.2078201389895959,0.2037381540969921,0.004081984892603779,0.004081984892603779,1.6662600663445487e-05
2024-02-14,0.2093706119704473,0.2095235438568185,-0.00015293188637122146,0.00015293188637122146,2.338816186906019e-08
2024-02-15,0.2094020135342472,0.2067249203496672,0.0026770931845800094,0.0026770931845800094,7.166827918924737e-06
2024-02-16,0.2069613606190317,0.206632687970177,0.00032867264885469427,0.00032867264885469427,1.0802571010516116e-07
2024-02-20,0.2077461129784669,0.2041848814046317,0.0035612315738351996,0.0035612315738351996,1.2682370322480732e-05
2024-02-21,0.2016550939259145,0.2031087186206666,-0.0014536246947521037,0.0014536246947521037,2.1130247531931466e-06
2024-02-22,0.2160850718502194,0.2145321843951417,0.0015528874550777005,0.0015528874550777005,2.4114594481376975e-06
2024-02-23,0.216415533246628,0.2115398294787609,0.0048757037678670845,0.0048757037678670845,2.3772487231993286e-05
2024-02-26,0.2148536096016601,0.2114629267328018,0.0033906828688583246,0.0033906828688583246,1.1496730317169319e-05
2024-02-27,0.2117384715694773,0.2086793179860167,0.003059153583460622,0.003059153583460622,9.358420647199965e-06
2024-02-28,0.2125344669107288,0.2055329083589573,0.007001558551771508,0.007001558551771508,4.9021822153884744e-05
2024-02-29,0.1944245917658752,0.2064907565462907,-0.0120661647804155,0.0120661647804155,0.00014559233250813943
2024-03-01,0.1970631894952326,0.1965796753547529,0.00048351414047970165,0.00048351414047970165,2.3378592404382465e-07
2024-03-04,0.1982935763514423,0.1947557666514766,0.0035378096999656994,0.0035378096999656994,1.2516097473171392e-05
2024-03-05,0.2065402184308988,0.2028285458184097,0.0037116726124890864,0.0037116726124890864,1.377651358230156e-05
2024-03-06,0.2066313896208289,0.2046129481226212,0.0020184414982076793,0.0020184414982076793,4.074106081686861e-06
2024-03-07,0.2093730827198775,0.2094244793995925,-5.139667971498785e-05,5.139667971498785e-05,2.6416186857250433e-09
2024-03-08,0.209481935042932,0.2086809003911561,0.0008010346517758893,0.0008010346517758893,6.416565133457202e-07
2024-03-11,0.2094781177082646,0.2055579602039124,0.003920157504352206,0.003920157504352206,1.536763485892892e-05
2024-03-12,0.207419222377737,0.2108918915193106,-0.0034726691415735977,0.0034726691415735977,1.2059430966837508e-05
2024-03-13,0.2087904454351734,0.2039385728762902,0.004851872558883197,0.004851872558883197,2.354066732764378e-05
2024-03-14,0.2037204662644386,0.2034962310149006,0.00022423524953799068,0.00022423524953799068,5.028144713536495e-08
2024-03-15,0.2027799508399196,0.2016325463275348,0.001147404512384792,0.001147404512384792,1.3165371150409823e-06
2024-03-18,0.2041876965047147,0.20258927838999,0.0015984181147246923,0.0015984181147246923,2.5549404694800394e-06
2024-03-19,0.1974434040674239,0.2014100596289765,-0.003966655561552623,0.003966655561552623,1.573435634399636e-05
2024-03-20,0.2009798959896973,0.2007304682071943,0.0002494277825029756,0.0002494277825029756,6.22142186843517e-08
2024-03-21,0.1999151356339596,0.198331544695588,0.0015835909383715985,0.0015835909383715985,2.5077602600926398e-06
2024-03-22,0.1920458062020111,0.1966752629422953,-0.004629456740284199,0.004629456740284199,2.1431869710162803e-05
2024-03-25,0.1941133014556097,0.1921846055088323,0.0019286959467774145,0.0019286959467774145,3.719868055115627e-06
2024-03-26,0.1961028161591052,0.1931801808608658,0.0029226352982393844,0.0029226352982393844,8.541797086514816e-06
2024-03-27,0.1902227085316145,0.1952556478990686,-0.005032939367454109,0.005032939367454109,2.5330478676469366e-05
2024-03-28,0.1900744600820971,0.191579718080398,-0.0015052579983008962,0.0015052579983008962,2.265801641448821e-06
2024-04-01,0.1899326647906089,0.191048833215091,-0.001116168424482089,0.001116168424482089,1.245831951810829e-06
2024-04-02,0.1939355937407599,0.1936223418376713,0.0003132519030885905,0.0003132519030885905,9.812675478862371e-08
2024-04-03,0.1940256601948412,0.1946381655440377,-0.0006125053491965182,0.0006125053491965182,3.7516280279434875e-07
2024-04-04,0.1973518603892391,0.198501219125075,-0.0011493587358359092,0.0011493587358359092,1.3210255036423193e-06
2024-04-05,0.2043935297625635,0.2046179592955437,-0.00022442953298018598,0.00022442953298018598,5.036861527370438e-08
2024-04-08,0.2043072665743486,0.2028285002622923,0.0014787663120563177,0.0014787663120563177,2.1867498056726427e-06
2024-04-09,0.2024528833742631,0.2023486844746203,0.00010419889964280449,0.00010419889964280449,1.085741068677124e-08
2024-04-10,0.2040653702899733,0.200663351987178,0.0034020183027952955,0.0034020183027952955,1.1573728532554184e-05
2024-04-11,0.2033905877183566,0.2088054333978235,-0.005414845679466901,0.005414845679466901,2.9320553732441363e-05
2024-04-12,0.2087312265021104,0.2070928663914447,0.0016383601106657042,0.0016383601106657042,2.6842238522205383e-06
2024-04-15,0.21313517121567,0.2108005983997719,0.002334572815898106,0.002334572815898106,5.450230232730412e-06
2024-04-16,0.2121453225355804,0.2090170737207648,0.003128248814815604,0.003128248814815604,9.785940647395232e-06
2024-04-17,0.2126345068048231,0.2085849364296902,0.004049570375132899,0.004049570375132899,1.639902022315401e-05
2024-04-18,0.1973185486842311,0.2066866170340694,-0.009368068349838304,0.009368068349838304,8.776070460724217e-05
2024-04-19,0.1995333391925832,0.2029630958113789,-0.0034297566187956874,0.0034297566187956874,1.1763230464172827e-05
2024-04-22,0.2071850867119626,0.2058559159706151,0.0013291707413475018,0.0013291707413475018,1.7666948596542676e-06
2024-04-23,0.2146449411454412,0.2134783199907959,0.0011666211546453031,0.0011666211546453031,1.3610049184659404e-06
2024-04-24,0.2126580834355033,0.2105433577431216,0.0021147256923816915,0.0021147256923816915,4.472064754019225e-06
2024-04-25,0.2129327493070887,0.2083001236028797,0.004632625704208998,0.004632625704208998,2.1461220915297916e-05
2024-04-26,0.2054221038222803,0.2178687197987209,-0.012446615976440617,0.012446615976440617,0.0001549182492649868
2024-04-29,0.2055434103839217,0.2027085228673726,0.002834887516549117,0.002834887516549117,8.036587231486022e-06
2024-04-30,0.2136851742416306,0.2109740291991221,0.0027111450425085226,0.0027111450425085226,7.350307441518539e-06
2024-05-01,0.2137343721687344,0.2078816558268199,0.0058527163419145045,0.0058527163419145045,3.42542885789131e-05
2024-05-02,0.216298917625201,0.2148139020857354,0.0014850155394656173,0.0014850155394656173,2.205271152454358e-06
2024-05-03,0.2161048164074884,0.2188403018155878,-0.0027354854080993973,0.0027354854080993973,7.482880417924727e-06
2024-05-06,0.2171898210979015,0.2134426187334376,0.0037472023644639085,0.0037472023644639085,1.4041525560243906e-05
2024-05-07,0.2038765937784623,0.2112460072597763,-0.007369413481314008,0.007369413481314008,5.430825505857264e-05
2024-05-08,0.2029672749152145,0.20114290247746,0.00182437243775449,0.00182437243775449,3.328334791638261e-06
2024-05-09,0.202067759996425,0.1987658298236131,0.003301930172811912,0.003301930172811912,1.0902742866125703e-05
2024-05-10,0.1942110407657714,0.1979773579411744,-0.0037663171754030167,0.0037663171754030167,1.4185145065735758e-05
2024-05-13,0.1867956343642067,0.1934326086476933,-0.006636974283486585,0.006636974283486585,4.404942763966227e-05
2024-05-14,0.1898026499091347,0.1903419074528796,-0.0005392575437448976,0.0005392575437448976,2.907986984857802e-07
2024-05-15,0.1940660061663535,0.1938992674266721,0.00016673873968139907,0.00016673873968139907,2.7801807310541364e-08
2024-05-16,0.1962804480364182,0.1948587705069671,0.0014216775294511041,0.0014216775294511041,2.021166997746195e-06
2024-05-17,0.1964367625985008,0.1962660249696249,0.00017073762887589994,0.00017073762887589994,2.915133791416454e-08
2024-05-20,0.1964779788258454,0.1963487822126342,0.00012919661321120213,0.00012919661321120213,1.669176486524497e-08
2024-05-21,0.1962820861808073,0.1955457586343646,0.0007363275464427055,0.0007363275464427055,5.421782556503346e-07
2024-05-22,0.1901358461464662,0.1954025971953065,-0.005266751048840307,0.005266751048840307,2.7738666610460473e-05
2024-05-23,0.1908011626928255,0.1925898204743636,-0.001788657781538111,0.001788657781538111,3.199296659456837e-06
2024-05-24,0.1951391828808065,0.1941841693558889,0.0009550135249176139,0.0009550135249176139,9.12050832775566e-07
2024-05-28,0.1949361695466295,0.1948022774375922,0.00013389210903730353,0.00013389210903730353,1.792709686245718e-08
2024-05-29,0.1973360765344191,0.1963172729220152,0.0010188036124038902,0.0010188036124038902,1.0379608006472161e-06
2024-05-30,0.2012108842637084,0.1996141343068149,0.0015967499568934895,0.0015967499568934895,2.5496104248393608e-06
2024-05-31,0.200836490691422,0.1991683877955869,0.0016681028958351052,0.0016681028958351052,2.782567271093464e-06
2024-06-03,0.1976456357122204,0.1999627685744395,-0.002317132862219101,0.002317132862219101,5.369104701175684e-06
2024-06-04,0.195949436750874,0.1957624798042905,0.00018695694658349415,0.00018695694658349415,3.4952899875823484e-08
2024-06-05,0.2056266159527223,0.2044792020611369,0.0011474138915854026,0.0011474138915854026,1.316558638603158e-06
2024-06-06,0.2001529519660491,0.2024451951094959,-0.0022922431434468094,0.0022922431434468094,5.25437862867891e-06
2024-06-07,0.2009923837254293,0.198490705175127,0.002501678550302283,0.002501678550302283,6.258395569042533e-06
2024-06-10,0.2009923542479415,0.1976232515799093,0.0033691026680322256,0.0033691026680322256,1.1350852787741861e-05
2024-06-11,0.2010805575908066,0.1985714720177682,0.0025090855730383888,0.0025090855730383888,6.295510412829379e-06
2024-06-12,0.1975948252325464,0.2016907536468127,-0.004095928414266287,0.004095928414266287,1.6776629574793936e-05
2024-06-13,0.1962895868615614,0.1961304306696569,0.00015915619190448593,0.00015915619190448593,2.5330693421537555e-08
2024-06-14,0.1942676321827647,0.1943427234031111,-7.509122034640714e-05,7.509122034640714e-05,5.63869137311267e-09
2024-06-17,0.1939613061494184,0.1941381328893494,-0.0001768267399309964,0.0001768267399309964,3.1267695954624235e-08
2024-06-18,0.1956627713979451,0.1928408788978951,0.002821892500049994,0.002821892500049994,7.963077281838404e-06
2024-06-20,0.195491872446818,0.197347035460444,-0.0018551630136259822,0.0018551630136259822,3.4416298071258365e-06
2024-06-21,0.1954964977326278,0.194548513784614,0.0009479839480138197,0.0009479839480138197,8.986735656918684e-07
2024-06-24,0.1990252183172139,0.1986657591121452,0.00035945920506869067,0.00035945920506869067,1.2921092010861501e-07
2024-06-25,0.2015377574459227,0.2037166770673732,-0.0021789196214505036,0.0021789196214505036,4.747690716742006e-06
2024-06-26,0.202513234510834,0.2004924053361161,0.0020208291747179086,0.0020208291747179086,4.0837505533910635e-06
2024-06-27,0.2006631027684177,0.2000502885755424,0.0006128141928752884,0.0006128141928752884,3.7554123498939114e-07
2024-06-28,0.2023462606211933,0.1999281780824162,0.0024180825387770943,0.0024180825387770943,5.847123164338678e-06
2024-07-01,0.1978125117901971,0.2013393002594478,-0.0035267884692506968,0.0035267884692506968,1.2438236906839673e-05
2024-07-02,0.1956388244228275,0.197730224043175,-0.0020913996203474894,0.0020913996203474894,4.3739523719896226e-06
2024-07-03,0.1965906525032248,0.1955643415106379,0.001026310992586904,0.001026310992586904,1.0533142535047163e-06
2024-07-05,0.1971185058768908,0.1957405498932684,0.0013779559836224198,0.0013779559836224198,1.8987626928008304e-06
2024-07-08,0.187787160581328,0.1946036353468757,-0.006816474765547698,0.006816474765547698,4.646432822934854e-05
2024-07-09,0.1900323530986672,0.1893794397412455,0.0006529133574217083,0.0006529133574217083,4.2629585229968744e-07
2024-07-10,0.1916934577709263,0.1920028935452447,-0.000309435774318384,0.000309435774318384,9.575049842801786e-08
2024-07-11,0.2083692952077257,0.2063793115441974,0.0019899836635283163,0.0019899836635283163,3.96003498110958e-06
2024-07-12,0.2075443583330181,0.2078826540417469,-0.0003382957087288141,0.0003382957087288141,1.1444398654433063e-07
2024-07-15,0.2076957962467132,0.2063055575298875,0.001390238716825698,0.001390238716825698,1.932763689761163e-06
2024-07-16,0.2077177877924825,0.2039258144836249,0.00379197330885761,0.00379197330885761,1.4379061575088533e-05
2024-07-17,0.2151934863756426,0.2204175363356855,-0.005224049960042915,0.005224049960042915,2.7290697985024377e-05
2024-07-18,0.2117841536362205,0.2109589528040087,0.0008252008322117976,0.0008252008322117976,6.809564134830434e-07
2024-07-19,0.2088891642018609,0.2085852218253673,0.00030394237649361555,0.00030394237649361555,9.238096822858674e-08
2024-07-22,0.2159883910498462,0.214020504783066,0.001967886266780211,0.001967886266780211,3.872576358982156e-06
2024-07-23,0.2154752228246376,0.2102988553808494,0.005176367443788216,0.005176367443788216,2.6794779913110545e-05
2024-07-24,0.2223561018813259,0.2269443867444856,-0.004588284863159708,0.004588284863159708,2.1052357985500504e-05
2024-07-25,0.22239845299195,0.2155043010264462,0.006894151965503803,0.006894151965503803,4.752933132345995e-05
2024-07-26,0.2258335825528365,0.2200099015363846,0.005823681016451893,0.005823681016451893,3.391526058138215e-05
2024-07-29,0.22003870908126,0.2164981854425899,0.0035405236386701067,0.0035405236386701067,1.2535307635981813e-05
2024-07-30,0.2194550454440269,0.2133636498835624,0.006091395560464508,0.006091395560464508,3.7105099874046714e-05
2024-07-31,0.2158811037134156,0.2260708562311736,-0.010189752517758,0.010189752517758,0.0001038310563731555
2024-08-01,0.2232931349426296,0.218328154583365,0.004964980359264598,0.004964980359264598,2.4651029967883218e-05
2024-08-02,0.2268179055438532,0.2218424003815656,0.004975505162287591,0.004975505162287591,2.475565161995047e-05
2024-08-05,0.2324095478158203,0.2293914014375183,0.003018146378302,0.003018146378302,9.10920756085748e-06
2024-08-06,0.2373944227995643,0.2326437477961136,0.004750675003450694,0.004750675003450694,2.256891298841125e-05
2024-08-07,0.2186519527276496,0.2289286169383537,-0.010276664210704112,0.010276664210704112,0.00010560982729956677
2024-08-08,0.2366670470302059,0.2348019809205719,0.0018650661096340226,0.0018650661096340226,3.478471593305388e-06
2024-08-09,0.2325337244128627,0.2264733726666874,0.006060351746175308,0.006060351746175308,3.67278632873701e-05
2024-08-12,0.2124820264599692,0.2233262060041464,-0.010844179544177213,0.010844179544177213,0.0001175962299863515
2024-08-13,0.2167330674247595,0.2221490439678484,-0.005415976543088896,0.005415976543088896,2.933280191528915e-05
2024-08-14,0.2105164233586061,0.2110615411609102,-0.0005451178023040959,0.0005451178023040959,2.9715341838884736e-07
2024-08-15,0.2072809099854186,0.2165674843365876,-0.009286574351169002,0.009286574351169002,8.624046317978997e-05
2024-08-16,0.2082255415391403,0.2061691089187282,0.0020564326204121075,0.0020564326204121075,4.228915122295007e-06
2024-08-19,0.2063098733020756,0.2084415284516433,-0.0021316551495677016,0.0021316551495677016,4.543953676678501e-06
2024-08-20,0.2057511998750504,0.2054378528400694,0.00031334703498098193,0.00031334703498098193,9.818636433137271e-08
2024-08-21,0.2044634530433479,0.2040572345033462,0.000406218540001696,0.000406218540001696,1.6501350224110948e-07
2024-08-22,0.2064452580439032,0.2116442507994478,-0.005198992755544585,0.005198992755544585,2.7029525672205074e-05
2024-08-23,0.210142831038033,0.2084024131652459,0.0017404178727870867,0.0017404178727870867,3.0290543719167278e-06
2024-08-26,0.2081779233374043,0.2093645838241964,-0.001186660486792085,0.001186660486792085,1.4081631109136279e-06
2024-08-27,0.2082391721974667,0.2056778786438565,0.0025612935536102055,0.0025612935536102055,6.5602246677651944e-06
2024-08-28,0.2085340904430423,0.2080085872290838,0.0005255032139585003,0.0005255032139585003,2.7615362788071333e-07
2024-08-29,0.2038216731990718,0.2050031242098418,-0.001181451010769996,0.001181451010769996,1.3958264908494453e-06
2024-08-30,0.2010751163145396,0.2049467632532075,-0.0038716469386678998,0.0038716469386678998,1.498965001769652e-05
2024-09-03,0.2174869890117491,0.2177360657441703,-0.000249076732421194,0.000249076732421194,6.203921863361907e-08
2024-09-04,0.2165157111489605,0.2123032883729329,0.004212422776027597,0.004212422776027597,1.7744505643996046e-05
2024-09-05,0.2173477400392507,0.2127214787926304,0.0046262612466203,0.0046262612466203,2.1402293121980812e-05
2024-09-06,0.2220684337578582,0.2195716758041977,0.0024967579536605,0.0024967579536605,6.233800279166967e-06
2024-09-09,0.2222760946199493,0.2182116099758859,0.004064484644063393,0.004064484644063393,1.6520035421827128e-05
2024-09-10,0.2134314025493376,0.2163763201485665,-0.002944917599228908,0.002944917599228908,8.672539666248154e-06
2024-09-11,0.2199722815625491,0.2187184941366542,0.0012537874258949089,0.0012537874258949089,1.5719829093321816e-06
2024-09-12,0.2203689480566244,0.2132332830140863,0.007135665042538097,0.007135665042538097,5.091771559930023e-05
2024-09-13,0.1948123172019527,0.2123989481803203,-0.0175866309783676,0.0175866309783676,0.000309289589169279
2024-09-16,0.2025812430947985,0.1978360133872721,0.004745229707526388,0.004745229707526388,2.2517204977190974e-05
2024-09-17,0.2034204698516501,0.1991739550211198,0.004246514830530318,0.004246514830530318,1.8032888205913935e-05
2024-09-18,0.1957257446910426,0.2001723159957485,-0.00444657130470591,0.00444657130470591,1.9771996367834017e-05
2024-09-19,0.2078711872990007,0.2102298137449268,-0.002358626445926104,0.002358626445926104,5.563118711422005e-06
2024-09-20,0.2090161210619552,0.2062829992124214,0.0027331218495337817,0.0027331218495337817,7.46995504439896e-06
2024-09-23,0.2074086667573404,0.2063857456758482,0.0010229210814922118,0.0010229210814922118,1.0463675389611963e-06
2024-09-24,0.207264641091936,0.2046793287453288,0.0025853123466072214,0.0025853123466072214,6.6838399295197375e-06
2024-09-25,0.2061635323139946,0.2032247808692548,0.00293875144473979,0.00293875144473979,8.636260053960203e-06
2024-09-26,0.1906356767463747,0.2029745156581218,-0.012338838911747113,0.012338838911747113,0.00015224694569004467
2024-09-27,0.1908178563301093,0.1946412472813965,-0.0038233909512871977,0.0038233909512871977,1.4618318366384823e-05
2024-09-30,0.1909718259580389,0.1935727982200289,-0.002600972261989992,0.002600972261989992,6.7650567076413365e-06
2024-10-01,0.200119099751106,0.2005604179397381,-0.00044131818863210603,0.00044131818863210603,1.9476174361752312e-07
2024-10-02,0.2001787836245445,0.1996841728177788,0.0004946108067656885,0.0004946108067656885,2.446398501694052e-07
2024-10-03,0.1979908310289297,0.1998311730296773,-0.0018403420007475912,0.0018403420007475912,3.386858679715647e-06
2024-10-04,0.2034502032576189,0.203133552064235,0.00031665119338389336,0.00031665119338389336,1.0026797827144383e-07
2024-10-07,0.2055540410379236,0.2044210027811739,0.0011330382567497077,0.0011330382567497077,1.2837756912584165e-06
2024-10-08,0.2047759492508407,0.2099253568522829,-0.005149407601442196,0.005149407601442196,2.6516398645790672e-05
2024-10-09,0.2047282680744717,0.2035218643702964,0.0012064037041752962,0.0012064037041752962,1.4554098974478755e-06
2024-10-10,0.2047629657573597,0.2011302633346317,0.003632702422728007,0.003632702422728007,1.319652689209393e-05
2024-10-11,0.2026035736316772,0.2007931293068985,0.0018104443247786983,0.0018104443247786983,3.277708653123397e-06
2024-10-14,0.1941943069319134,0.2007754830108051,-0.006581176078891721,0.006581176078891721,4.33118785813766e-05
2024-10-15,0.1977459449233621,0.1977346960460483,1.1248877313796424e-05,1.1248877313796424e-05,1.2653724082084383e-10
2024-10-16,0.1969830335065313,0.1966053590898551,0.00037767441667618806,0.00037767441667618806,1.4263796501169892e-07
2024-10-17,0.1969147663246058,0.1961367903036567,0.0007779760209491171,0.0007779760209491171,6.052466891718211e-07
2024-10-18,0.1976952744617551,0.1966746298462509,0.0010206446155042181,0.0010206446155042181,1.0417154311577532e-06
2024-10-21,0.1954889267078688,0.1959936878195741,-0.0005047611117053041,0.0005047611117053041,2.547837798899745e-07
2024-10-22,0.1867770802954783,0.1945453724223368,-0.007768292126858506,0.007768292126858506,6.034636256821185e-05
2024-10-23,0.2010103006784559,0.1990959709873135,0.0019143296911424135,0.0019143296911424135,3.664658166389408e-06
2024-10-24,0.202758625217397,0.2026274731748373,0.0001311520425596735,0.0001311520425596735,1.720085826757441e-08
2024-10-25,0.2025414123093795,0.2029273771355051,-0.000385964826125601,0.000385964826125601,1.489688470061654e-07
2024-10-28,0.2025276905388182,0.2009616400455612,0.001566050493257004,0.001566050493257004,2.4525141474305058e-06
2024-10-29,0.2037843185226263,0.2014430516372307,0.0023412668853955987,0.0023412668853955987,5.481530628650008e-06
2024-10-30,0.1939991847212149,0.2009958017741259,-0.006996617052910992,0.006996617052910992,4.895265018508489e-05
2024-10-31,0.2128534669239344,0.2130391215015123,-0.00018565457757790949,0.00018565457757790949,3.446762217563201e-08
2024-11-01,0.2137244570137541,0.2129774344987907,0.0007470225149633913,0.0007470225149633913,5.580426378622303e-07
2024-11-04,0.2130393506219856,0.210208350114166,0.002831000507819592,0.002831000507819592,8.01456387527479e-06
2024-11-05,0.2162851971945255,0.2149176789213487,0.0013675182731767987,0.0013675182731767987,1.8701062274724535e-06
2024-11-06,0.2275623420792068,0.2235073612451806,0.004054980834026195,0.004054980834026195,1.6442869564319777e-05
2024-11-07,0.207535202893291,0.2232563952737699,-0.015721192380478893,0.015721192380478893,0.0002471558898640276
2024-11-08,0.2098238256652841,0.2074136524724326,0.0024101731928515002,0.0024101731928515002,5.808934819539995e-06
2024-11-11,0.2076587631428616,0.2043685073950962,0.003290255747765397,0.003290255747765397,1.0825782885703232e-05
2024-11-12,0.2101461231374636,0.2021265474862578,0.008019575651205785,0.008019575651205785,6.431359362541268e-05
2024-11-13,0.1972839529666531,0.2037131129711235,-0.006429160004470386,0.006429160004470386,4.133409836308165e-05
2024-11-14,0.1885341852401087,0.197832794311618,-0.009298609071509284,0.009298609071509284,8.646413066475475e-05
2024-11-15,0.2020437291444557,0.2052628208771784,-0.0032190917327226953,0.0032190917327226953,1.0362551583683605e-05
2024-11-18,0.2046489588936011,0.2041399067975952,0.0005090520960059075,0.0005090520960059075,2.591340364480077e-07
2024-11-19,0.2092409351421624,0.2085157058698686,0.0007252292722938203,0.0007252292722938203,5.259574973918241e-07
2024-11-20,0.209302252336401,0.2066791096538863,0.0026231426825147064,0.0026231426825147064,6.88087753283045e-06
2024-11-21,0.2090184256655453,0.2058271928385457,0.003191232826999596,0.003191232826999596,1.0183966956119833e-05
2024-11-22,0.1921969217391808,0.2049002826145226,-0.012703360875341796,0.012703360875341796,0.00016137537752916467
2024-11-25,0.1917353211631163,0.1958176635372537,-0.0040823423741373766,0.0040823423741373766,1.666551925967759e-05
2024-11-26,0.1881335404910804,0.1949919267507186,-0.006858386259638222,0.006858386259638222,4.703746208639436e-05
2024-11-27,0.1916661500942247,0.1936168094491694,-0.001950659354944706,0.001950659354944706,3.8050719190332965e-06
2024-11-29,0.1937996328480348,0.1963863721730276,-0.0025867393249927872,0.0025867393249927872,6.69122033546414e-06
2024-12-02,0.1954504552366021,0.1972411531282718,-0.001790697891669718,0.001790697891669718,3.206598939230373e-06
2024-12-03,0.1953425877296166,0.1961682414432316,-0.0008256537136150099,0.0008256537136150099,6.817040548062568e-07
2024-12-04,0.1977609395854412,0.1991656879256834,-0.0014047483402422067,0.0014047483402422067,1.973317899413235e-06
2024-12-05,0.1943366054845111,0.1978772657915336,-0.0035406603070225195,0.0035406603070225195,1.2536275409724802e-05
2024-12-06,0.1943109212134545,0.1957592948957245,-0.0014483736822699933,0.0014483736822699933,2.0977863234923397e-06
2024-12-09,0.198455549787247,0.1960411639934145,0.002414385793832491,0.002414385793832491,5.829258761460147e-06
2024-12-10,0.1993535318766719,0.1971539780137759,0.0021995538628959976,0.0021995538628959976,4.838037195780705e-06
2024-12-11,0.2028665958955897,0.2074570272558142,-0.004590431360224495,0.004590431360224495,2.1072060072932506e-05
2024-12-12,0.2045771356547408,0.2034147177218757,0.0011624179328651174,0.0011624179328651174,1.3512154506464126e-06
2024-12-13,0.2034167597078473,0.2023514968949316,0.0010652628129157182,0.0010652628129157182,1.1347848605811085e-06
2024-12-16,0.203935598329796,0.2050321635549619,-0.0010965652251659075,0.0010965652251659075,1.2024552930431574e-06
2024-12-17,0.2041998238111643,0.2008377501840817,0.0033620736270826013,0.0033620736270826013,1.1303539073924358e-05
2024-12-18,0.220160583754484,0.2273877120820583,-0.0072271283275743,0.0072271283275743,5.2231383863226906e-05
2024-12-19,0.2204904247837634,0.2151086247079831,0.005381800075780319,0.005381800075780319,2.8963772055669044e-05
2024-12-20,0.2231176192809619,0.2190683758379662,0.004049243442995704,0.004049243442995704,1.63963724606437e-05
2024-12-23,0.222048718678077,0.218654862959625,0.0033938557184519935,0.0033938557184519935,1.1518256637669297e-05
2024-12-24,0.2254117757813427,0.2184519828100973,0.006959792971245382,0.006959792971245382,4.8438718202596624e-05
2024-12-26,0.1964591674990418,0.214724353497519,-0.018265185998477207,0.018265185998477207,0.0003336170195589678
2024-12-27,0.2069062537955139,0.2046544752034733,0.002251778592040593,0.002251778592040593,5.070506827572316e-06
2024-12-30,0.2090665570435458,0.2053724436345727,0.0036941134089731043,0.0036941134089731043,1.3646473878354889e-05
2024-12-31,0.2064872701634179,0.2057428778442959,0.0007443923191219892,0.0007443923191219892,5.541199247678134e-07
2025-01-02,0.1956515694166346,0.2036688980793402,-0.008017328662705575,0.008017328662705575,6.427755888584037e-05
2025-01-03,0.2099713497725336,0.2070868677226816,0.002884482049852005,0.002884482049852005,8.320236695918426e-06
2025-01-06,0.209933388127817,0.2109134610010503,-0.0009800728732332897,0.0009800728732332897,9.60542836847756e-07
2025-01-07,0.2142093898253274,0.215120679660599,-0.0009112898352716114,0.0009112898352716114,8.304491638693607e-07
2025-01-08,0.2124357535035845,0.2096485779807781,0.002787175522806412,0.002787175522806412,7.768347394931197e-06
2025-01-10,0.2171670524183636,0.2123340575106314,0.004832994907732202,0.004832994907732202,2.3357839778165396e-05
2025-01-13,0.2091515540396719,0.2101210163571904,-0.0009694623175185157,0.0009694623175185157,9.398571850883715e-07
2025-01-14,0.2003504122774827,0.2050494641605168,-0.0046990518830341,0.0046990518830341,2.208108859944632e-05
2025-01-15,0.2138324183127462,0.2132766095615788,0.000555808751167397,0.000555808751167397,3.089233678742615e-07
2025-01-16,0.2150520265915608,0.2108025144364776,0.004249512155083207,0.004249512155083207,1.8058353556199924e-05
2025-01-17,0.2123718288915632,0.215330981437618,-0.002959152546054805,0.002959152546054805,8.756583790822635e-06
2025-01-21,0.2105251044787571,0.2088603124407539,0.00166479203800321,0.00166479203800321,2.7715325297988815e-06
2025-01-22,0.2085038452006948,0.2075419545778783,0.0009618906228164859,0.0009618906228164859,9.252335702622871e-07
2025-01-23,0.2024425662535403,0.2028597664976256,-0.000417200244085314,0.000417200244085314,1.7405604366484556e-07
2025-01-24,0.1994169540315152,0.1999053303496155,-0.0004883763181003087,0.0004883763181003087,2.385114280812139e-07
2025-01-27,0.2180257316373779,0.218611001797695,-0.0005852701603170918,0.0005852701603170918,3.425411605575943e-07
2025-01-28,0.2239824566151505,0.2206558511052956,0.0033266055098549185,0.0033266055098549185,1.1066304218197102e-05
2025-01-29,0.221123672235213,0.219778469760171,0.0013452024750419955,0.0013452024750419955,1.8095696988591106e-06
2025-01-30,0.2211762158571799,0.2151743863034473,0.006001829553732602,0.006001829553732602,3.602195799205808e-05
2025-01-31,0.2211459237188291,0.211795897735329,0.009350025983500099,0.009350025983500099,8.742298589212699e-05
2025-02-03,0.2080710232279723,0.2129479570110113,-0.004876933783038995,0.004876933783038995,2.378448312414704e-05
2025-02-04,0.2024640111258998,0.2090010272483264,-0.006537016122426603,0.006537016122426603,4.2732579784865344e-05
2025-02-05,0.201851542623563,0.2001283355839816,0.001723207039581398,0.001723207039581398,2.9694425012628862e-06
2025-02-06,0.2022696392512539,0.1998086080127822,0.002461031238471717,0.002461031238471717,6.056674756733633e-06
2025-02-07,0.2067771102417806,0.2039467836965225,0.0028303265452581106,0.0028303265452581106,8.010748352792711e-06
2025-02-10,0.2043786329121484,0.2062841796518184,-0.0019055467396699999,0.0019055467396699999,3.6311083770669665e-06
2025-02-11,0.2012575967026381,0.2019286007962758,-0.0006710040936377115,0.0006710040936377115,4.502464936785667e-07
2025-02-12,0.201124527283487,0.1996078877591773,0.0015166395243097208,0.0015166395243097208,2.300195446698416e-06
2025-02-13,0.2061061865412914,0.2055257506889702,0.0005804358523212039,0.0005804358523212039,3.3690577865984237e-07
2025-02-14,0.1979526598260727,0.2028610152711988,-0.004908355445126078,0.004908355445126078,2.4091953175698818e-05
2025-02-18,0.1972698754564097,0.1975084501638666,-0.00023857470745689002,0.00023857470745689002,5.691789103814066e-08
2025-02-19,0.1954955289951885,0.196277028915813,-0.0007814999206245121,0.0007814999206245121,6.107421259361187e-07
2025-02-20,0.1977851888387972,0.1961934907873548,0.0015916980514424084,0.0015916980514424084,2.5335026869655597e-06
2025-02-21,0.2042990664732027,0.2097668175438046,-0.005467751070601906,0.005467751070601906,2.989630177006829e-05
2025-02-24,0.2027500633470829,0.2061491164825847,-0.0033990531355017894,0.0033990531355017894,1.1553562217964545e-05
2025-02-25,0.2006969724018762,0.2064371597740787,-0.005740187372202499,0.005740187372202499,3.294975106799303e-05
2025-02-26,0.201963918846293,0.2028872756931528,-0.0009233568468597908,0.0009233568468597908,8.525878666428552e-07
2025-02-27,0.2066869989015247,0.2155218428114465,-0.008834843909921813,0.008834843909921813,7.805446691268256e-05
2025-02-28,0.2180619889473466,0.2136852519550074,0.004376736992339203,0.004376736992339203,1.9155826700110412e-05
2025-03-03,0.2226648812455869,0.2246005687165113,-0.001935687470924402,0.001935687470924402,3.746885985093708e-06
2025-03-04,0.2227315512836291,0.2153793647141505,0.007352186569478586,0.007352186569478586,5.4054647352421296e-05
2025-03-05,0.2275478270962471,0.2191787797487866,0.008369047347460495,0.008369047347460495,7.004095350403555e-05
2025-03-06,0.2265774188193481,0.2271310556156204,-0.0005536367962722943,0.0005536367962722943,3.0651370218664995e-07
2025-03-07,0.2221854781427438,0.2161312175174523,0.006054260625291519,0.006054260625291519,3.665407171895525e-05
2025-03-10,0.2308618872552802,0.2321798444922992,-0.0013179572370189963,0.0013179572370189963,1.7370112786107466e-06
2025-03-11,0.2311266567302866,0.2174297102333362,0.013696946496950385,0.013696946496950385,0.00018760634334032142
2025-03-12,0.2298101787271997,0.220003480803592,0.009806697923607693,0.009806697923607693,9.617132416489145e-05
2025-03-13,0.2276473926707653,0.2224268411525674,0.005220551518197919,0.005220551518197919,2.7254158154158596e-05
2025-03-14,0.2375129209605518,0.2250831098319171,0.012429811128634699,0.012429811128634699,0.00015450020469353102
2025-03-17,0.2181586322309172,0.2226356395777097,-0.0044770073467925164,0.0044770073467925164,2.0043594783234167e-05
2025-03-18,0.2234845751471272,0.218446544213602,0.0050380309335252005,0.0050380309335252005,2.53817556871568e-05
2025-03-19,0.2241092915456363,0.2157456466177543,0.008363644927881997,0.008363644927881997,6.995055647968626e-05
2025-03-20,0.2172438854902606,0.2140715504126993,0.003172335077561317,0.003172335077561317,1.0063709844325967e-05
2025-03-21,0.2068472532638375,0.210952692857513,-0.004105439593675514,0.004105439593675514,1.685463425731857e-05
2025-03-24,0.2150131967008404,0.2135229663258095,0.0014902303750309043,0.0014902303750309043,2.2207865706647495e-06
2025-03-25,0.2034539656569682,0.211223617767922,-0.0077696521109538175,0.0077696521109538175,6.036749392524911e-05
2025-03-26,0.2154298971675193,0.2174573118809842,-0.0020274147134648757,0.0020274147134648757,4.110410420373864e-06
2025-03-27,0.2158227490066988,0.2120459405254179,0.0037768084812808966,0.0037768084812808966,1.4264282304275313e-05
2025-03-28,0.2245020160956641,0.2247485698231085,-0.0002465537274444207,0.0002465537274444207,6.07887405167377e-08
2025-03-31,0.2104532691809245,0.2163669878439127,-0.005913718662988204,0.005913718662988204,3.497206842497499e-05
2025-04-01,0.2130020080045123,0.2101845390034692,0.002817469001043099,0.002817469001043099,7.9381315718388e-06
2025-04-02,0.2133209410234275,0.2096587999696085,0.0036621410538189847,0.0036621410538189847,1.3411277098066424e-05
2025-04-03,0.2445966975852832,0.2442170704190302,0.00037962716625300486,0.00037962716625300486,1.4411678535728658e-07
2025-04-04,0.2575571450304074,0.2569438900151012,0.00061325501530618,0.00061325501530618,3.7608171379818306e-07
2025-04-07,0.2582603814170461,0.2598873913550309,-0.0016270099379848135,0.0016270099379848135,2.6471613383013468e-06
2025-04-08,0.2504399851507658,0.2539028798253688,-0.0034628946746029787,0.0034628946746029787,1.199163952739367e-05
2025-04-09,0.3404469349033181,0.2859468170389845,0.05450011786433362,0.05450011786433362,0.0029702628472262566
2025-04-10,0.334435778404475,0.2761354522931069,0.05830032611136815,0.05830032611136815,0.003398928024691875
2025-04-11,0.3179532803263177,0.2784207132916074,0.03953256703471031,0.03953256703471031,0.0015628238563538642
2025-04-14,0.3173859324785705,0.2697750867156275,0.047610845762943,0.047610845762943,0.0022667926342627475
2025-04-15,0.3120276139015782,0.264899196703633,0.047128417197945194,0.047128417197945194,0.0022210877075835764
2025-04-16,0.2385917554768183,0.2701576643104301,-0.031565908833611794,0.031565908833611794,0.000996406600491891
2025-04-17,0.2219829195658101,0.2336780512075461,-0.011695131641735995,0.011695131641735995,0.00013677610411753447
2025-04-21,0.2174992074304336,0.2280050242715916,-0.010505816841158006,0.010505816841158006,0.00011037218749995917
2025-04-22,0.2313207740266288,0.2263963962270088,0.004924377799619989,0.004924377799619989,2.4249496713390204e-05
2025-04-23,0.23989533439923,0.2329339911801045,0.006961343219125504,0.006961343219125504,4.846029941446464e-05
2025-04-24,0.2321324420121783,0.2452417427312737,-0.013109300719095385,0.013109300719095385,0.00017185376534367477
2025-04-25,0.2301252984311049,0.237603155570302,-0.007477857139197103,0.007477857139197103,5.5918347394241075e-05
2025-04-28,0.2084023488507271,0.2281192535563943,-0.019716904705667226,0.019716904705667226,0.0003887563311723624
2025-04-29,0.2082151078483522,0.2134084998812188,-0.0051933920328665895,0.0051933920328665895,2.6971320807042166e-05
2025-04-30,0.2073611745048703,0.2103385160007708,-0.0029773414959005096,0.0029773414959005096,8.864562383211084e-06
2025-05-01,0.1980680762497014,0.2105355649672614,-0.012467488717559982,0.012467488717559982,0.00015543827492248545
2025-05-02,0.1992922910559244,0.205597878081909,-0.006305587025984605,0.006305587025984605,3.9760427742265373e-05
2025-05-05,0.2032438809414501,0.20710495350132,-0.0038610725598698936,0.0038610725598698936,1.4907881312580253e-05
2025-05-06,0.2071763653952373,0.2093542935011897,-0.002177928105952409,0.002177928105952409,4.743370834697449e-06
2025-05-07,0.2068361375711731,0.2083839481989237,-0.0015478106277505843,0.0015478106277505843,2.395717739377658e-06
2025-05-08,0.2047052903727476,0.2092466537747916,-0.004541363402044002,0.004541363402044002,2.062398154942467e-05
2025-05-09,0.1990283509702333,0.2042584156776691,-0.005230064707435783,0.005230064707435783,2.7353576843965342e-05
2025-05-12,0.2249885272927194,0.2213887364850972,0.0035997908076222107,0.0035997908076222107,1.2958493858641368e-05
2025-05-13,0.2190734325670062,0.2243064745007077,-0.005233041933701499,0.005233041933701499,2.7384727879878323e-05
2025-05-14,0.2176691732850839,0.2193999694378827,-0.001730796152798808,0.001730796152798808,2.995655322543155e-06
2025-05-15,0.2213837360312611,0.2129459927384165,0.008437743292844607,0.008437743292844607,7.119551187594415e-05
2025-05-16,0.2197355639368223,0.2125597291177557,0.007175834819066612,0.007175834819066612,5.149260535052876e-05
2025-05-19,0.1971040833460518,0.2103291274209131,-0.013225044074861275,0.013225044074861275,0.00017490179078202332
2025-05-20,0.1920550244823826,0.1990241316698235,-0.006969107187440898,0.006969107187440898,4.856845499004039e-05
2025-05-21,0.1973105691282892,0.200992958536441,-0.0036823894081517983,0.0036823894081517983,1.355999175326855e-05
2025-05-22,0.1982812855789241,0.1990029185977087,-0.0007216330187845843,0.0007216330187845843,5.207542138001522e-07
2025-05-23,0.1971199837709372,0.200792190046947,-0.0036722062760098095,0.0036722062760098095,1.3485098933565833e-05
2025-05-27,0.2145803372113152,0.2115846942151611,0.0029956429961540965,0.0029956429961540965,8.973876960407093e-06
2025-05-28,0.2147765782266634,0.2121904753474294,0.002586102879233998,0.002586102879233998,6.6879281019823746e-06
2025-05-29,0.2103812744366807,0.2125671132284445,-0.002185838791763789,0.002185838791763789,4.77789122357938e-06
2025-05-30,0.2110693821726595,0.2072055976839138,0.003863784488745692,0.003863784488745692,1.4928830575471806e-05
2025-06-02,0.2073421387471939,0.2078047128842866,-0.0004625741370926917,0.0004625741370926917,2.139748323070483e-07
2025-06-03,0.1948382171946243,0.2056598049241903,-0.010821587729566012,0.010821587729566012,0.00011710676098869368
2025-06-04,0.191526917200356,0.1971945055398152,-0.005667588339459212,0.005667588339459212,3.2121557585574026e-05
2025-06-05,0.1969502706187503,0.1966168271724871,0.00033344344626320965,0.00033344344626320965,1.1118453185588598e-07
2025-06-06,0.198670460771446,0.2032068491774843,-0.004536388406038289,0.004536388406038289,2.0578819770438606e-05
2025-06-09,0.1984319885652535,0.2003895851789699,-0.001957596613716417,0.001957596613716417,3.832184502033982e-06
2025-06-10,0.1979489804996435,0.2009172295304498,-0.002968249030806308,0.002968249030806308,8.810502308882587e-06
2025-06-11,0.1998178880618895,0.1984463045751707,0.001371583486718786,0.001371583486718786,1.881241261039662e-06
2025-06-12,0.1953697405155189,0.1992027585463377,-0.0038330180308188133,0.0038330180308188133,1.4692027224582132e-05
2025-06-13,0.1987229459743916,0.2006336333199531,-0.0019106873455614903,0.0019106873455614903,3.650726132488814e-06
2025-06-16,0.2050653337680286,0.2087660286960914,-0.0037006949280627977,0.0037006949280627977,1.3695142950589715e-05
2025-06-17,0.2058417024619622,0.2060497532308235,-0.00020805076886129537,0.00020805076886129537,4.328512242377615e-08
2025-06-18,0.2056674918490717,0.2057631570160024,-9.566516693068627e-05,9.566516693068627e-05,9.151824163876071e-09
2025-06-20,0.2056443533610507,0.204061251480999,0.0015831018800517016,0.0015831018800517016,2.506211562623232e-06
2025-06-23,0.2035177013450905,0.2079483071064607,-0.004430605761370193,0.004430605761370193,1.963026741268675e-05
2025-06-24,0.2029630837524066,0.2092745073209715,-0.0063114235685649,0.0063114235685649,3.98340674618365e-05
2025-06-25,0.1981267814705456,0.2016890171548054,-0.0035622356842597847,0.0035622356842597847,1.2689523070213777e-05
2025-06-26,0.1981570728049649,0.2005597198592321,-0.0024026470542672096,0.0024026470542672096,5.7727128673789e-06
2025-06-27,0.1914882320173029,0.1973517759764332,-0.005863543959130302,0.005863543959130302,3.438114776065345e-05
2025-06-30,0.1919330290854473,0.1935920756931052,-0.0016590466076578936,0.0016590466076578936,2.752435646381165e-06
2025-07-01,0.1963879773562258,0.1956278721962316,0.0007601051599941955,0.0007601051599941955,5.777598542498015e-07
2025-07-02,0.1976874508685213,0.1999130132548394,-0.002225562386318103,0.002225562386318103,4.953127935393928e-06
2025-07-03,0.1978814274768537,0.2011846814568441,-0.0033032539799904004,0.0033032539799904004,1.091148685632242e-05
2025-07-07,0.2022502149266931,0.2009978464398691,0.0012523684868240015,0.0012523684868240015,1.5684268267898392e-06
2025-07-08,0.2018540307915087,0.2009225193996204,0.0009315113918883233,0.0009315113918883233,8.677134732177215e-07
2025-07-09,0.2001056017414746,0.2042265049572621,-0.004120903215787508,0.004120903215787508,1.6981843313887827e-05
2025-07-10,0.1990101955175328,0.1988667714608563,0.00014342405667649993,0.00014342405667649993,2.0570460033543864e-08
2025-07-11,0.1963934079134063,0.1978218146173631,-0.0014284067039568027,0.0014284067039568027,2.040345711908737e-06
2025-07-14,0.1915219281355493,0.1962897162945304,-0.004767788158981101,0.004767788158981101,2.2731803928920396e-05
2025-07-15,0.1912734175048821,0.1934122906192984,-0.0021388731144162954,0.0021388731144162954,4.574778199572863e-06
2025-07-16,0.1864136816921451,0.192766734976815,-0.006353053284669924,0.006353053284669924,4.036128603785531e-05
2025-07-17,0.1894922764827277,0.1920107968616841,-0.0025185203789563904,0.0025185203789563904,6.34294489921864e-06
2025-07-18,0.1878237943992088,0.1911638590620066,-0.0033400646627978203,0.0033400646627978203,1.1156031951670718e-05
2025-07-21,0.1878462996571969,0.1909274281718428,-0.0030811285146458978,0.0030811285146458978,9.493352923764036e-06
2025-07-22,0.1911000845171959,0.1916374256222694,-0.0005373411050735022,0.0005373411050735022,2.887354632016125e-07
2025-07-23,0.191912592611147,0.1934265049318828,-0.0015139123207358052,0.0015139123207358052,2.2919305148756715e-06
2025-07-24,0.1901522420611235,0.1928624644582645,-0.002710222397140999,0.002710222397140999,7.345305441964702e-06
2025-07-25,0.190041237881461,0.1919265301033235,-0.0018852922218625112,0.0018852922218625112,3.554326761815284e-06
2025-07-28,0.1899446491312428,0.1914837326807592,-0.0015390835495164013,0.0015390835495164013,2.368778172392005e-06
2025-07-29,0.1898648246302905,0.1923544856107908,-0.0024896609805002967,0.0024896609805002967,6.198411797825699e-06
2025-07-30,0.1881165674876056,0.1916093000792704,-0.003492732591664799,0.003492732591664799,1.2199180956877503e-05
2025-07-31,0.1881564692869725,0.1908077635062708,-0.0026512942192983002,0.0026512942192983002,7.029361037284584e-06
